feature,importance
feed_category,5016
macd_signal,1713
range_pct,1395
daily_return,1341
max_drawdown_20d,1321
macd,1250
distance_from_low_20d,1226
macd_hist,1216
return_std_5d,1199
distance_from_high_20d,1151
momentum_20d,1149
rsi_14,1145
market_news_category,1136
price_trend_20d,1124
bb_position_20,1063
momentum_10d,1056
volatility_mean_5d,1045
momentum_5d,1041
volatility_20d,1033
sequence_rows,1006
atr_14,984
volume_ratio_mean_20d,953
volatility_mean_10d,905
return_std_10d,893
close_vs_sma20,844
return_mean_20d,780
volume_ratio_mean_5d,778
return_mean_10d,761
volume_ratio_mean_10d,748
return_mean_5d,702
volume_ratio_5d,674
return_std_20d,612
relative_volume_20,602
volume_trend_20d,562
sma_20,523
turnover,498
volume_mean_20d,495
low_20d,385
volume_mean_5d,376
publication_weekday,371
high_20d,349
sma_10,348
volume,288
backward_return_1d,284
publication_hour,279
close,244
sma_5,233
backward_return_5d,197
backward_return_10d,196
sequence_length,189
open,180
high,177
ema_10,169
ema_20,156
volatility_mean_20d,150
low,150
ema_5,125
publication_minute,98
exchange,97
is_post_market,17
is_pre_market,2
ai_event_type,0
ai_event_status,0
ai_sentiment,0
